"talk_id","title","favored_option","option_opinion","opinion_strength","comment","commenter"
1,"Averting the climate crisis","A","For","Extremely strong",NA,NA
92,"The best stats you've ever seen","C","For","Very strong",NA,NA
7,"Simplicity sells","B","Against","Very strong",NA,NA
53,"Greening the ghetto","A","For","Extremely strong",NA,NA
66,"Do schools kill creativity?","C","For","Extremely strong",NA,NA
49,"Behind the design of Seattle's library","B","For","Extremely strong",NA,NA
86,"Letting go of God","C","Against","Very strong",NA,NA
94,"Let's teach religion -- all religion -- in schools","C","For","Very strong",NA,NA
71,"A life of purpose","C","For","Extremely strong",NA,NA
55,"My wish: A global day of film","F","For","Extremely strong",NA,NA
58,"My wish: Help me stop pandemics","B","For","Extremely strong",NA,NA
54,"My wish: A call for open-source architecture","C","For","Extremely strong",NA,NA
41,"One Laptop per Child","C","For","Extremely strong",NA,NA
65,"The radical promise of the multi-touch interface","B","For","Extremely strong",NA,NA
46,"Improvising on piano, aged 14","C","For","Somewhat strong",NA,NA
45,"An 11-year-old's magical violin","C","For","Mild",NA,NA
2,"Simple designs to save a life","B","For","Extremely strong",NA,NA
27,"Organic design, inspired by nature","B","For","Extremely strong",NA,NA
37,"The birth of Wikipedia","C","For","Very strong",NA,NA
25,"The birth of the open-source learning revolution","C","For","Very strong",NA,NA
87,"Nerdcore comedy","C","For","Very strong",NA,NA
21,"Meet the founder of the blog revolution","C","For","Extremely strong",NA,NA
16,"Why we love, why we cheat","C","For","Very strong",NA,NA
64,"Happiness in body and soul","C","For","Extremely strong",NA,NA
98,"Why the universe seems so strange","C","For","Very strong",NA,NA
47,"Chemical scum that dream of distant quasars","B","For","Extremely strong",NA,NA
20,"Choice, happiness and spaghetti sauce","C","For","Very strong",NA,NA
29,"The freakonomics of crack dealing","E","Against","Extremely strong",NA,NA
97,"The surprising science of happiness","C","For","Strong",NA,NA
93,"The paradox of choice","E","Against","Very strong",NA,NA
12,"Meet the future of cancer research","B","For","Extremely strong",NA,NA
39,"A roadmap to end aging","C","For","Extremely strong",NA,NA
91,"Invest in Africa's own solutions","C","For","Extremely strong",NA,NA
79,"How mobile phones can fight poverty","C","For","Extremely strong",NA,NA
3,"How to rebuild a broken state","E","For","Extremely strong",NA,NA
75,"Why we should invest in a free press","C","For","Very strong",NA,NA
4,"The real future of space exploration","B","For","Extremely strong",NA,NA
89,"Why did I ski to the North Pole?","F","For","Very strong",NA,NA
56,"My wish: Manufactured landscapes and green education","A","For","Extremely strong",NA,NA
57,"My wish: Three unusual medical inventions","B","For","Extremely strong",NA,NA
59,"My wish: Three actions for Africa","C","For","Very strong",NA,NA
22,"Why people believe weird things","C","For","Extremely strong",NA,NA
67,"How juries are fooled by statistics","C","For","Strong",NA,NA
19,"How technology evolves","B","For","Extremely strong",NA,NA
38,"The accelerating power of technology","B","For","Extremely strong",NA,NA
23,"Fight injustice with raw video","C","For","Extremely strong",NA,NA
26,"If I controlled the Internet","D","For","Very strong",NA,NA
10,"The killer American diet that's sweeping the planet","C","For","Very strong",NA,NA
70,"8 secrets of success","C","For","Extremely strong",NA,NA
36,"The hidden world of shadow cities","C","For","Extremely strong",NA,NA
62,"Global priorities bigger than climate change","E","For","Very strong",NA,NA
69,"Dreams from endangered cultures","F","For","Extremely strong",NA,NA
34,"Photos of endangered cultures","C","For","Extremely strong",NA,NA
42,"Is this our final century?","B","For","Very strong",NA,NA
68,"Progress is not a zero-sum game","C","For","Somewhat strong",NA,NA
63,"The era of open innovation","C","For","Extremely strong",NA,NA
61,"How the ""ghost map"" helped end a killer disease","C","For","Extremely strong",NA,NA
60,"Four American characters","C","For","Very strong",NA,NA
48,"Everyday inventions","B","For","Extremely strong",NA,NA
90,"Unleash your creativity in a Fab Lab","B","For","Extremely strong",NA,NA
73,"In praise of slowness","A","For","Extremely strong",NA,NA
84,"My wish: Let my photographs bear witness","C","For","Extremely strong",NA,NA
83,"My wish: Build the Encyclopedia of Life","A","For","Extremely strong",NA,NA
85,"My wish: Rebuilding Rwanda","C","For","Extremely strong",NA,NA
9,"To invent is to give","B","For","Extremely strong",NA,NA
77,"The shrimp with a kick!","B","For","Extremely strong",NA,NA
5,"Great cars are great art","C","For","Extremely strong",NA,NA
14,"Software (as) art","B","Against","Very strong",NA,NA
35,"How we discovered DNA","C","For","Extremely strong",NA,NA
43,"Design is in the details","C","For","Extremely strong",NA,NA
44,"A philosophical quest for our biggest problems","C","For","Extremely strong",NA,NA
50,"Happiness by design","C","For","Very strong",NA,NA
80,"The life code that will reshape the future","B","For","Extremely strong",NA,NA
18,"Biomimicry's surprising lessons from nature's engineers","A","For","Extremely strong",NA,NA
40,"The story of life in photographs","A","For","Extremely strong",NA,NA
81,"Singing ""What I Want""","D","For","Very strong",NA,NA
78,"Visual illusions that show how we (mis)think","C","For","Very strong",NA,NA
76,"The gentle genius of bonobos","C","For","Extremely strong",NA,NA
74,"The route to a sustainable future","A","For","Very strong",NA,NA
6,"Sampling the ocean's DNA","B","For","Extremely strong",NA,NA
32,"Art with wire, sugar, chocolate and string","C","For","Very strong",NA,NA
28,"How to get your ideas to spread","C","For","Extremely strong",NA,NA
31,"How architecture can connect us","B","For","Extremely strong",NA,NA
11,"What separates us from chimpanzees?","A","For","Extremely strong",NA,NA
99,"Global warming's theme song, ""Manhattan in January""","A","Against","Extremely strong",NA,NA
101,"Casting a spell on the cello","F","For","Mild",NA,NA
102,"The illusion of consciousness","B","For","Very strong",NA,NA
103,"How to truly listen","C","For","Extremely strong",NA,NA
104,"Cradle to cradle design","A","For","Extremely strong",NA,NA
108,"A mockingbird remix of TED2006","G","For","Extremely strong",NA,NA
105,"The electricity metaphor for the web's future","B","For","Extremely strong",NA,NA
109,"""What You've Got""","G","For","Extremely strong",NA,NA
110,"""Kiteflyer's Hill""","F","For","Extremely strong",NA,NA
114,"A comic sendup of TED2006","G","Against","Extremely strong",NA,NA
113,"Militant atheism","C","For","Extremely strong",NA,NA
115,"""La Vie en Rose""","G","For","Extremely strong",NA,NA
112,"Why would God create a tsunami?","C","For","Very strong",NA,NA
72,"Technology's long tail","B","For","Extremely strong",NA,NA
117,"Cape Breton fiddling in reel time","G","Against","Extremely strong",NA,NA
118,"The genesis of Google","B","For","Very strong",NA,NA
119,"""Black Men Ski""","G","For","Extremely strong",NA,NA
121,"The ghastly tragedy of the suburbs","A","For","Extremely strong",NA,NA
122,"Human-centered design","C","For","Extremely strong",NA,NA
123,"What squatter cities can teach us","F","For","Extremely strong",NA,NA
125,"How brain science will change computing","B","For","Extremely strong",NA,NA
126,"Swim with the giant sunfish","A","For","Very strong",NA,NA
128,"Salvation (and profit) in greentech","A","For","Extremely strong",NA,NA
129,"How PhotoSynth can connect the world's images","B","For","Extremely strong",NA,NA
127,"Want to help Africa? Do business here","C","For","Extremely strong",NA,NA
131,"Rethink the desktop with BumpTop","B","For","Very strong",NA,NA
130,"We can be Buddhas","C","For","Extremely strong",NA,NA
8,"A memorial at Ground Zero","A","For","Extremely strong",NA,NA
33,"Let's rethink America's military strategy","C","For","Extremely strong",NA,NA
139,"Tour Microsoft's Virtual Earth","B","For","Very strong",NA,NA
140,"New insights on poverty","C","For","Extremely strong",NA,NA
141,"Inside the world's deepest caves","B","For","Extremely strong",NA,NA
116,"Dangerous memes","B","For","Extremely strong",NA,NA
142,"The potential of regenerative medicine","B","For","Extremely strong",NA,NA
144,"The Web's secret stories","C","For","Very strong",NA,NA
143,"Flip your thinking on AIDS in Africa","C","For","Very strong",NA,NA
148,"The  4 a.m. mystery","G","Against","Extremely strong",NA,NA
146,"Spore, birth of a game","C","For","Extremely strong",NA,NA
147,"Visualizing the wonder of a living cell","C","For","Very strong",NA,NA
149,"How to get (a new) hip","C","For","Extremely strong",NA,NA
151,"Africa's cheetahs versus hippos","C","For","Extremely strong",NA,NA
153,"How I built a windmill","B","For","Very strong",NA,NA
152,"Aid versus trade","E","For","Extremely strong",NA,NA
154,"Why invest in Africa","A","For","Very strong",NA,NA
156,"How to educate leaders? Liberal arts","C","For","Extremely strong",NA,NA
155,"Telling stories from Africa","C","For","Extremely strong",NA,NA
157,"Patient capitalism","C","For","Extremely strong",NA,NA
158,"""Thula Mama""","G","For","Extremely strong",NA,NA
170,"My journey into movies that matter","C","For","Extremely strong",NA,NA
82,"Luke, a new prosthetic arm for soldiers","B","For","Extremely strong",NA,NA
161,"The joy of lexicography","C","For","Very strong",NA,NA
159,"Aid for Africa? No thanks.","E","Against","Extremely strong",NA,NA
162,"My creations, a new form of life","A","For","Extremely strong",NA,NA
164,"What our language habits reveal","C","For","Very strong",NA,NA
163,"The surprising decline in violence","C","For","Very strong",NA,NA
171,"An Iraq war movie crowd-sourced from soldiers","C","For","Very strong",NA,NA
168,"The search for humanity's roots","A","For","Very strong",NA,NA
172,"Designing for simplicity","C","For","Extremely strong",NA,NA
167,"10 ways the world could end","B","For","Extremely strong",NA,NA
176,"A flight on solar wings","A","For","Extremely strong",NA,NA
178,"This is Saturn","B","For","Extremely strong",NA,NA
179,"My magic moves","G","For","Extremely strong","(Applause) (Music) (Applause)",NA
181,"Life at 30,000 feet","C","For","Strong",NA,NA
165,"Building ""self-aware"" robots","B","For","Very strong",NA,NA
182,"The illustrated woman","C","For","Extremely strong",NA,NA
190,"The anthropology of mobile phones","B","For","Extremely strong",NA,NA
184,"3 clues to understanding your brain","C","For","Extremely strong",NA,NA
185,"A commodities exchange for Ethiopia","C","For","Very strong",NA,NA
189,"How electroshock therapy changed me","C","For","Extremely strong",NA,NA
191,"The habits of happiness","C","For","Extremely strong",NA,NA
187,"Laws that choke creativity","D","For","Very strong",NA,NA
183,"Playing with DNA that self-assembles","B","For","Extremely strong",NA,NA
192,"A critical look at geoengineering against climate change","A","For","Extremely strong",NA,NA
193,"Using biology to rethink the energy challenge","B","For","Extremely strong",NA,NA
177,"The case for optimism","A","For","Extremely strong",NA,NA
195,"The sticky wonder of gecko feet","B","For","Extremely strong",NA,NA
198,"The fractals at the heart of African designs","C","For","Extremely strong",NA,NA
197,"Design and destiny","C","For","Very strong",NA,NA
194,"Beauty, truth and ... physics?","B","For","Very strong",NA,NA
51,"Winning the oil endgame","B","For","Extremely strong",NA,NA
199,"A performance of ""Mathemagic""","B","For","Extremely strong",NA,NA
200,"Why aren't we more compassionate?","C","For","Very strong",NA,NA
201,"The lost art of letter-writing","C","For","Extremely strong",NA,NA
202,"5 dangerous things you should let your kids do","C","For","Extremely strong",NA,NA
204,"Tales of passion","C","For","Extremely strong",NA,NA
203,"We're worried about local warming ... in your lap","D","Against","Very strong",NA,NA
145,"The emergent genius of ant colonies","B","For","Very strong",NA,NA
205,"The mystery box","B","For","Extremely strong",NA,NA
206,"Underwater astonishments","A","For","Extremely strong",NA,NA
207,"Treat design as art","C","For","Extremely strong",NA,NA
13,"A master architect asks, Now what?","C","For","Extremely strong",NA,NA
188,"""Tembererana""","B","For","Very strong",NA,NA
209,"Rebuilding a neighborhood with beauty, dignity, hope","C","For","Extremely strong",NA,NA
208,"The life-long learner","C","For","Extremely strong",NA,NA
196,"The music wars","D","Against","Extremely strong",NA,NA
210,"An unusual glimpse at celebrity","D","For","Very strong",NA,NA
211,"TED's nonprofit transition","C","For","Extremely strong",NA,NA
212,"The idea behind Zipcar (and what comes next)","B","For","Extremely strong",NA,NA
213,"A song of the city","A","For","Extremely strong",NA,NA
215,"An illustrated journey through Rome","G","For","Extremely strong",NA,NA
214,"A plant's-eye view","A","For","Extremely strong",NA,NA
216,"The new power of collaboration","C","For","Very strong",NA,NA
218,"The untouchable music of the theremin","G","For","Mild",NA,NA
221,"The story of Project Orion","B","For","Very strong",NA,NA
219,"Building uniqueness","C","For","Extremely strong",NA,NA
222,"The Jill and Julia Show","C","Against","Very strong",NA,NA
223,"Juggle and jest","B","For","Extremely strong",NA,NA
220,"A parable for Kenya","C","For","Extremely strong",NA,NA
225,"Model rocketry","B","For","Extremely strong",NA,NA
224,"A preview of the WorldWide Telescope","B","For","Very strong",NA,NA
228,"A powerful idea about ideas","C","For","Very strong",NA,NA
227,"On the verge of creating synthetic life","B","For","Extremely strong",NA,NA
230,"5 predictions, from 1984","B","For","Very strong",NA,NA
229,"My stroke of insight","C","For","Extremely strong",NA,NA
231,"My days as a young rebel","B","For","Extremely strong",NA,NA
233,"My wish: Once Upon a School","C","For","Extremely strong",NA,NA
234,"My wish: The Charter for Compassion","C","For","Very strong",NA,NA
232,"My wish: Find the next Einstein in Africa","C","For","Extremely strong",NA,NA
174,"My green agenda for architecture","A","For","Extremely strong",NA,NA
236,"A look inside the brain in real time","B","For","Extremely strong",NA,NA
237,"The call to learn","C","For","Extremely strong",NA,NA
235,"The search for the true face of Leonardo","C","For","Very strong",NA,NA
239,"Sputnik mania","B","For","Extremely strong",NA,NA
241,"A new kind of music video","C","For","Mild",NA,NA
242,"Questioning the universe","B","For","Extremely strong",NA,NA
243,"New thinking on the climate crisis","A","For","Very strong",NA,NA
245,"Free or cheap Wii Remote hacks","B","For","Very strong",NA,NA
246,"Inventing instruments that unlock new music","C","For","Extremely strong",NA,NA
247,"The new open-source economics","C","For","Extremely strong",NA,NA
249,"World-class health care","A","For","Extremely strong",NA,NA
250,"Where does creativity hide?","C","For","Extremely strong",NA,NA
251,"Making sense of string theory","B","For","Very strong",NA,NA
254,"Wake up! It's They Might Be Giants!","B","For","Very strong",NA,NA
253,"CERN's supercollider","B","For","Extremely strong",NA,NA
255,"The thinking behind 50x15","C","For","Extremely strong",NA,NA
258,"6 ways mushrooms can save the world","A","For","Extremely strong",NA,NA
259,"Can we domesticate germs?","B","For","Extremely strong",NA,NA
260,"Juggling as art ... and science","G","For","Extremely strong",NA,NA
261,"A thought experiment on the intelligence of crows","A","For","Strong",NA,NA
248,"How the news distorts our worldview","A","Against","Extremely strong",NA,NA
263,"What's wrong with what we eat","A","For","Extremely strong",NA,NA
264,"The astonishing hidden world of the deep ocean","B","For","Extremely strong",NA,NA
266,"Designing objects that tell stories","C","For","Extremely strong",NA,NA
267,"Moving sculpture","B","For","Very strong",NA,NA
268,"A hospital tour in Nigeria","C","For","Extremely strong",NA,NA
270,"The ""bottom billion""","C","For","Very strong",NA,NA
269,"Memes and ""temes""","B","For","Extremely strong",NA,NA
271,"Archeology, animal photography, BBQ ...","B","For","Extremely strong",NA,NA
273,"The worldwide web of belief and ritual","G","For","Extremely strong",NA,NA
276,"The ancestor of language","C","For","Very strong",NA,NA
279,"Turning powerful stats into art","A","For","Very strong",NA,NA
278,"The birth of the computer","B","For","Extremely strong",NA,NA
252,"Your genes are not your fate","C","For","Extremely strong",NA,NA
280,"Robots inspired by cockroach ingenuity","B","For","Extremely strong",NA,NA
285,"A mobile fridge for vaccines","B","For","Extremely strong",NA,NA
30,"Surprising stats about child carseats","B","Against","Extremely strong",NA,NA
286,"The transformative power of classical music","C","For","Extremely strong",NA,NA
288,"One Laptop per Child, two years on","C","For","Extremely strong",NA,NA
287,"""Clonie""","B","Against","Extremely strong",NA,NA
292,"Stephen Hawking's zero g flight","B","For","Extremely strong",NA,NA
297,"The story of a girl","C","For","Extremely strong",NA,NA
298,"""Peace on Earth""","A","For","Very strong",NA,NA
299,"A hero of the Congo forest","C","For","Extremely strong",NA,NA
300,"Animate characters by evolving them","B","For","Very strong",NA,NA
282,"What happens when you lose everything","C","For","Extremely strong",NA,NA
274,"Institutions vs. collaboration","C","For","Very strong",NA,NA
296,"""Mother of Pearl,"" ""If I Had You""","G","Against","Extremely strong",NA,NA
306,"Let's look for life in the outer solar system","B","For","Extremely strong",NA,NA
307,"The brain in love","C","For","Extremely strong",NA,NA
308,"On technology and faith","C","For","Extremely strong",NA,NA
301,"My year of living biblically","C","For","Extremely strong",NA,NA
310,"Brain magic","B","For","Extremely strong",NA,NA
312,"The new era of positive psychology","B","For","Extremely strong",NA,NA
313,"The wonder of Zulu wire art","A","For","Very strong",NA,NA
294,"On humanity","C","For","Extremely strong",NA,NA
315,"A dig for humanity's origins","C","For","Extremely strong",NA,NA
316,"The web as art","C","For","Extremely strong",NA,NA
318,"A tour of modern architecture","B","For","Very strong",NA,NA
319,"The next 5,000 days of the web","B","For","Extremely strong",NA,NA
321,"The math and magic of origami","B","For","Extremely strong",NA,NA
320,"A computer that works like the brain","B","For","Extremely strong",NA,NA
322,"Watch me fold origami (blindfolded)","B","For","Very strong",NA,NA
326,"Shedding light on dark matter","B","For","Extremely strong",NA,NA
323,"A family tree for humanity","B","For","Extremely strong",NA,NA
324,"How photography connects us","C","For","Very strong",NA,NA
327,"Close-up card magic with a twist","B","For","Extremely strong",NA,NA
328,"Dog-friendly dog training","C","For","Extremely strong",NA,NA
325,"""The Dog Song""","F","For","Extremely strong",NA,NA
329,"Great piano performances, recreated","B","For","Extremely strong",NA,NA
175,"Kids can teach themselves","C","For","Extremely strong",NA,NA
330,"How I became an activist","C","For","Extremely strong",NA,NA
334,"A talking, squawking parrot","G","For","Mild",NA,NA
331,"DNA folding, in detail","B","For","Extremely strong",NA,NA
335,"Our next giant leap","B","For","Extremely strong",NA,NA
339,"The web is more than ""better TV""","B","For","Very strong",NA,NA
333,"What we think we know","C","For","Very strong",NA,NA
340,"How humans and animals can live together","A","For","Extremely strong",NA,NA
344,"How to survive a nuclear attack","A","Against","Extremely strong",NA,NA
346,"A free digital library","C","For","Extremely strong",NA,NA
343,"Life in the deep oceans","A","For","Extremely strong",NA,NA
347,"Once upon a time, my mother ...","C","For","Extremely strong",NA,NA
345,"The camel's hump","A","For","Extremely strong",NA,NA
348,"What's wrong with school lunches","C","For","Extremely strong",NA,NA
341,"The moral roots of liberals and conservatives","C","For","Extremely strong",NA,NA
217,"What security means to me","C","For","Extremely strong",NA,NA
353,"How to pitch to a VC","B","For","Extremely strong",NA,NA
351,"Health and the human mind","C","For","Extremely strong",NA,NA
272,"The psychology of evil","C","For","Extremely strong",NA,NA
349,"Remember to say thank you","C","For","Extremely strong",NA,NA
350,"Playtime with Pleo, your robotic dinosaur friend","B","For","Extremely strong",NA,NA
354,"Human nature and the blank slate","C","For","Very strong",NA,NA
355,"Robots will invade our lives","B","For","Extremely strong",NA,NA
356,"Things I've learned in my life so far","C","For","Very strong",NA,NA
358,"Politics and religion are technologies","C","For","Very strong",NA,NA
359,"The Blur Building and other tech-empowered architecture","B","For","Extremely strong",NA,NA
360,"Moving photos of extreme drug-resistant TB","C","For","Extremely strong",NA,NA
361,"Are games better than life?","C","For","Extremely strong",NA,NA
363,"Lessons from past presidents","C","For","Extremely strong",NA,NA
362,"The Web as a city","B","For","Very strong",NA,NA
364,"Playing invisible turntables","G","Against","Mild",NA,NA
371,"An 8-dimensional model of the universe","B","For","Extremely strong",NA,NA
372,"Design and the Elastic Mind","B","For","Extremely strong",NA,NA
375,"On glamour","C","For","Very strong",NA,NA
377,"Healing through diet","C","For","Extremely strong",NA,NA
374,"Aliens, love -- where are they?","G","For","Extremely strong",NA,NA
379,"Nature vs. humans","B","For","Extremely strong",NA,NA
366,"Flow, the secret to happiness","C","For","Very strong",NA,NA
381,"The face of AIDS in Africa","A","For","Very strong",NA,NA
365,"Why do societies collapse?","A","For","Extremely strong",NA,NA
383,"A story of mixed emoticons","D","For","Extremely strong",NA,NA
385,"Toys and materials from the future","B","For","Extremely strong",NA,NA
386,"The story of Ezra","C","For","Very strong",NA,NA
673,"The balancing act of compassion","C","For","Extremely strong",NA,NA
674,"The profound journey of compassion","C","For","Extremely strong",NA,NA
675,"Compassion at the dinner table","C","For","Extremely strong",NA,NA
676,"Lose your ego, find your compassion","C","For","Extremely strong",NA,NA
677,"Expanding your circle of compassion","C","For","Extremely strong",NA,NA
679,"The evolution of compassion","C","For","Extremely strong",NA,NA
388,"A flight through the ocean","B","For","Extremely strong",NA,NA
390,"The power and the danger of online crowds","C","For","Extremely strong",NA,NA
391,"Walk the earth ... my 17-year vow of silence","A","For","Very strong",NA,NA
392,"Tales of creativity and play","C","For","Very strong",NA,NA
393,"The science of scent","B","For","Extremely strong",NA,NA
394,"Science and democracy","B","For","Extremely strong",NA,NA
395,"A complicated hero in the war on dictatorship","C","For","Very strong",NA,NA
399,"The story behind the Mars Rovers","B","For","Extremely strong",NA,NA
400,"Tidying up art","C","For","Very strong",NA,NA
402,"The Long Now","A","For","Extremely strong",NA,NA
396,"Fashion and creativity","G","For","Extremely strong",NA,NA
403,"A tour of Nollywood, Nigeria's booming film industry","C","For","Very strong",NA,NA
404,"The design of the universe","A","For","Extremely strong","I thought I would think about changing your perspective on the world a bit, and showing you some of the designs that we have in nature. And so, I have my first slide to talk about the dawning of the universe and what I call the cosmic scene investigation, that is, looking at the relics of creation and inferring what happened at the beginning, and then following it up and trying to understand it.",NA
405,"What I'm worried about, what I'm excited about","B","For","Extremely strong",NA,NA
406,"A foie gras parable","A","For","Extremely strong",NA,NA
407,"Do the green thing","A","For","Extremely strong",NA,NA
408,"The coming neurological epidemic","C","For","Very strong",NA,NA
409,"The mysterious lives of giant trees","A","For","Extremely strong",NA,NA
410,"Life in Second Life","B","For","Very strong",NA,NA
411,"The future of cars","B","For","Extremely strong",NA,NA
412,"Demo: The Orb","B","For","Very strong",NA,NA
413,"The joyful tradition of mountain music","G","For","Extremely strong",NA,"David Holt"
414,"The playful search for beauty","C","For","Extremely strong",NA,NA
416,"A plea for bees","A","For","Extremely strong",NA,NA
418,"My library of human imagination","C","For","Extremely strong",NA,NA
420,"Why we make bad decisions","C","For","Very strong",NA,NA
419,"The price of happiness","G","Against","Extremely strong",NA,NA
421,"There might just be life on Mars","B","For","Extremely strong",NA,NA
423,"Taking OLPC to Colombia","C","For","Extremely strong",NA,NA
422,"The science of sync","B","For","Very strong",NA,NA
424,"The hunt for General Tso","C","For","Somewhat strong",NA,NA
426,"Play! Experiment! Discover!","B","For","Extremely strong",NA,NA
427,"My journey in design","C","For","Extremely strong",NA,NA
428,"Digging up dinosaurs","C","For","Extremely strong",NA,NA
429,"My dream of a flying car","B","For","Extremely strong",NA,NA
430,"Organic algorithms in architecture","B","For","Extremely strong",NA,NA
431,"Ways of seeing","A","For","Extremely strong",NA,NA
432,"The visual magic of comics","B","For","Extremely strong",NA,NA
433,"The art and craft of bread","C","For","Extremely strong",NA,NA
434,"What consumers want","E","For","Extremely strong",NA,NA
435,"Great design is serious, not solemn","C","For","Extremely strong",NA,NA
436,"Design and discovery","C","For","Very strong",NA,NA
439,"Tools for a better world","A","For","Extremely strong",NA,NA
437,"Genomics 101","B","For","Extremely strong",NA,NA
441,"The extraordinary power of ordinary people","C","For","Extremely strong",NA,NA
442,"Hypersonic sound and other inventions","B","For","Extremely strong",NA,NA
440,"A theory of Earth's mass extinctions","C","For","Extremely strong",NA,NA
443,"Changing my legs - and my mindset","C","For","Extremely strong",NA,NA
445,"Solving medical mysteries","B","For","Extremely strong",NA,NA
447,"Fiddling in reel time","G","For","Mild",NA,NA
450,"A solar energy system that tracks the sun","B","For","Extremely strong",NA,NA
451,"Mosquitos, malaria and education","C","For","Extremely strong",NA,NA
453,"Your elusive creative genius","C","For","Extremely strong",NA,NA
455,"Using design to make ideas new","C","For","Strong",NA,NA
457,"Toy tiles that talk to each other","B","For","Extremely strong",NA,NA
462,"Our loss of wisdom","C","For","Extremely strong",NA,NA
463,"The next species of human","B","For","Very strong",NA,NA
464,"The El Sistema music revolution","C","For","Extremely strong",NA,NA
466,"El Sistema's top youth orchestra","C","For","Extremely strong",NA,NA
467,"My wish: Protect our oceans","A","For","Extremely strong",NA,NA
468,"Join the SETI search","B","For","Extremely strong",NA,NA
469,"How Benjamin Button got his face","B","For","Extremely strong",NA,NA
470,"Seas of plastic","A","Against","Extremely strong",NA,NA
471,"A dive into the reef's Twilight Zone","B","For","Extremely strong",NA,NA
472,"My underground art explorations","F","For","Extremely strong",NA,NA
473,"The voices of Twitter users","D","For","Extremely strong",NA,NA
474,"Why not make video games for girls?","C","For","Extremely strong",NA,NA
475,"How to restore a rainforest","A","For","Extremely strong",NA,NA
476,"Conserving the canopy","A","For","Extremely strong",NA,NA
477,"Learning from dirty jobs","C","For","Very strong",NA,NA
480,"3 ways good design makes you happy","C","For","Extremely strong",NA,NA
481,"Meet the SixthSense interaction","B","For","Very strong",NA,NA
482,"My 12 pairs of legs","C","For","Very strong",NA,NA
483,"Play is more than just fun","C","For","Extremely strong",NA,NA
484,"The next web","B","For","Extremely strong",NA,NA
485,"Cute, sexy, sweet, funny","C","Against","Very strong",NA,NA
487,"Our buggy moral code","C","For","Extremely strong",NA,NA
488,"My obsession with objects and the stories they tell","B","For","Very strong",NA,NA
489,"What is retro-futurism?","C","For","Strong",NA,NA
490,"How to grow fresh air","A","For","Extremely strong",NA,NA
492,"High-altitude wind energy from kites!","B","For","Extremely strong",NA,NA
494,"An escape from poverty","C","For","Very strong",NA,NA
495,"Cool tricks your phone can do","B","For","Extremely strong",NA,NA
498,"The difference between winning and succeeding","C","For","Extremely strong",NA,NA
499,"The jungle search for viruses","B","For","Extremely strong",NA,NA
500,"Poetry of youth and age","C","For","Extremely strong",NA,NA
501,"Can design save newspapers?","C","For","Strong",NA,NA
502,"Extreme wingsuit flying","F","For","Extremely strong",NA,NA
503,"The Airstream, restyled","F","For","Very strong",NA,NA
504,"Military robots and the future of war","B","Against","Very strong",NA,NA
506,"Scenes from ""My Architect""","C","For","Very strong",NA,NA
507,"A prediction for the future of Iran","B","For","Extremely strong",NA,NA
509,"How bacteria ""talk""","B","For","Extremely strong",NA,NA
510,"A theory of everything","C","For","Extremely strong",NA,NA
511,"Our antisocial phone tricks","D","Against","Very strong",NA,NA
512,"A new ecosystem for electric cars","B","For","Extremely strong",NA,NA
515,"To upgrade is human","C","For","Extremely strong",NA,NA
517,"Smash fear, learn anything","C","For","Extremely strong",NA,NA
516,"Stunning data visualization in the AlloSphere","B","For","Extremely strong",NA,NA
518,"9 life lessons from rock climbing","G","For","Extremely strong",NA,NA
519,"The beautiful math of coral","C","For","Extremely strong",NA,NA
520,"Rethinking the way we sit down","C","For","Extremely strong",NA,NA
524,"Comics of bygone New York","A","For","Very strong",NA,NA
521,"Does racism affect how you vote?","C","For","Very strong",NA,NA
523,"Reporting crisis via texting","B","For","Very strong",NA,NA
525,"How ideas trump crises","B","For","Very strong",NA,NA
526,"Growing evidence of brain plasticity","C","For","Extremely strong",NA,NA
527,"A one-woman global village","C","For","Mild",NA,NA
529,"Lessons from the 1918 flu","B","Against","Very strong",NA,NA
531,"What went wrong at the LHC","B","For","Extremely strong",NA,NA
532,"The mathematics of war","B","For","Very strong",NA,NA
533,"Teach arts and sciences together","C","For","Very strong",NA,NA
534,"Anti-gravity sculpture","B","For","Extremely strong",NA,NA
535,"What comes after An Inconvenient Truth?","A","For","Extremely strong",NA,NA
537,"We need to feed the whole world","B","For","Extremely strong",NA,NA
538,"The tribes we lead","C","For","Very strong",NA,NA
540,"Insights on HIV, in stunning data visuals","C","For","Very strong",NA,NA
545,"Ideas for India's future","C","For","Very strong",NA,NA
544,"A full-band beatbox","G","Against","Mild",NA,NA
547,"The business logic of sustainability","A","For","Extremely strong",NA,NA
548,"Are we in control of our own decisions?","C","For","Extremely strong",NA,NA
549,"10 things you didn't know about orgasm","B","For","Very strong",NA,NA
551,"Could a Saturn moon harbor life?","A","For","Extremely strong",NA,NA
552,"A supercharged motorcycle design","B","For","Extremely strong",NA,NA
553,"Don't eat the marshmallow!","C","For","Extremely strong",NA,NA
555,"A passionate, personal case for education","C","For","Extremely strong",NA,NA
554,"The world's English mania","C","For","Extremely strong",NA,NA
556,"Why we're storing billions of seeds","A","For","Extremely strong",NA,NA
557,"Playing ""Pink Noise"" on guitar","C","Neutral","Mild",NA,NA
558,"A call to reinvent liberal arts education","C","For","Extremely strong",NA,NA
560,"A university for the coming singularity","B","For","Extremely strong",NA,NA
561,"A wide-angle view of fragile Earth","A","For","Extremely strong",NA,NA
562,"Odes to vice and consequences","G","Against","Extremely strong",NA,NA
563,"The world in 2200","E","For","Extremely strong",NA,NA
565,"Eco-friendly drywall","A","For","Extremely strong",NA,NA
566,"A plug for smart power outlets","B","For","Extremely strong",NA,NA
570,"Happiness and its surprises","C","For","Very strong",NA,NA
571,"Learning from the gecko's tail","B","For","Extremely strong",NA,NA
572,"Success is a continuous journey","C","For","Extremely strong",NA,NA
573,"Life in Biosphere 2","A","For","Very strong",NA,NA
575,"How social media can make history","D","For","Extremely strong",NA,NA
578,"How cults rewire the brain","C","For","Very strong",NA,NA
580,"Surgery's past, present and robotic future","B","For","Extremely strong",NA,NA
582,"The psychology of time","C","For","Very strong",NA,NA
584,"New rules for rebuilding a broken nation","C","For","Very strong",NA,NA
585,"You are the future of philanthropy","C","For","Extremely strong",NA,NA
586,"My trek to the South Pole","C","For","Very strong",NA,NA
587,"Teach statistics before calculus!","C","For","Very strong",NA,NA
588,"Life lessons through tinkering","C","For","Very strong",NA,NA
589,"17 words of architectural inspiration","A","For","Extremely strong",NA,NA
590,"The design genius of Charles + Ray Eames","C","For","Extremely strong",NA,NA
591,"3 ways the brain creates meaning","B","For","Very strong",NA,NA
592,"Escaping the Khmer Rouge","A","For","Extremely strong",NA,NA
594,"A next-gen cure for killer infections","B","For","Very strong",NA,NA
598,"4 environmental 'heresies'","B","For","Extremely strong",NA,NA
599,"Playing with space and light","C","For","Extremely strong",NA,NA
601,"A better way to harvest bone marrow","B","For","Very strong",NA,NA
602,"Exploring the mind of a killer","C","For","Very strong",NA,NA
603,"Skin color is an illusion","A","For","Extremely strong",NA,NA
604,"Wiring a web for global good","A","For","Extremely strong",NA,NA
605,"A kinder, gentler philosophy of success","C","For","Strong",NA,NA
606,"Art that looks back at you","B","For","Extremely strong",NA,NA
607,"I believe we evolved from aquatic apes","A","For","Extremely strong",NA,NA
610,"Hold your breath for micro-sculpture","B","For","Extremely strong",NA,NA
613,"How to make filthy water drinkable","A","For","Extremely strong",NA,NA
608,"Why the world needs charter cities","C","For","Extremely strong",NA,NA
614,"Biomimicry in action","A","For","Extremely strong",NA,NA
615,"The music of a war child","C","For","Extremely strong",NA,NA
618,"The puzzle of motivation","C","For","Extremely strong",NA,NA
619,"A demo of wireless electricity","B","For","Extremely strong",NA,NA
620,"Let my dataset change your mindset","C","For","Extremely strong",NA,NA
621,"A multimedia theatrical adventure","C","For","Extremely strong",NA,NA
622,"One seed at a time, protecting the future of food","A","For","Extremely strong",NA,NA
623,"Adjustable liquid-filled eyeglasses","C","For","Very strong",NA,NA
625,"Post-crash, investing in a better world","E","For","Extremely strong",NA,NA
626,"Making sound visible through cymatics","B","For","Extremely strong",NA,NA
627,"A leap from the edge of space","B","For","Extremely strong",NA,NA
628,"Time-lapse proof of extreme ice loss","A","For","Extremely strong",NA,NA
629,"How I swam the North Pole","A","For","Extremely strong",NA,NA
630,"How we read each other's minds","C","For","Strong",NA,NA
633,"The real story of McMafia -- how global crime networks work","E","Against","Extremely strong",NA,NA
634,"3 warp-speed architecture tales","C","For","Extremely strong",NA,NA
635,"An inventory of the invisible","C","For","Extremely strong",NA,NA
637,"What hallucination reveals about our minds","C","For","Extremely strong",NA,NA
639,"""Wait It Out""","A","Against","Extremely strong",NA,NA
640,"The Web as random acts of kindness","C","For","Extremely strong",NA,NA
641,"How the Net aids dictatorships","E","Against","Extremely strong",NA,NA
642,"How I harnessed the wind","C","For","Extremely strong",NA,NA
643,"Photographs of secret sites","C","Against","Extremely strong",NA,NA
644,"A third way to think about aid","C","For","Extremely strong",NA,NA
645,"Mapping the future of countries","C","For","Extremely strong",NA,NA
646,"Designers -- think big!","C","For","Very strong",NA,NA
647,"Let's revive the Golden Rule","C","For","Extremely strong",NA,NA
648,"How spectroscopy could reveal alien life","B","For","Extremely strong",NA,NA
649,"The power of time off","C","For","Extremely strong",NA,NA
650,"How food shapes our cities","A","For","Extremely strong",NA,NA
651,"Tribal leadership","C","For","Extremely strong",NA,NA
652,"The danger of a single story","C","For","Extremely strong",NA,NA
653,"Optical illusions show how we see","B","For","Extremely strong",NA,NA
654,"Claim your ""manspace""","G","For","Mild",NA,NA
655,"New York -- before the City","A","For","Extremely strong",NA,NA
657,"Robots that ""show emotion""","B","For","Extremely strong",NA,NA
658,"Life lessons from an ad man","C","For","Very strong",NA,NA
659,"A brain in a supercomputer","B","For","Extremely strong",NA,NA
660,"The 4 ways sound affects us","A","For","Very strong",NA,NA
661,"The post-crisis consumer","C","For","Extremely strong",NA,NA
662,"Animating a photo-real digital face","B","For","Extremely strong",NA,NA
663,"Lead like the great conductors","C","For","Extremely strong",NA,NA
664,"1.3m reasons to re-invent the syringe","A","For","Extremely strong",NA,NA
665,"Navigating our global future","B","For","Extremely strong",NA,NA
666,"A new way to explain explanation","B","For","Extremely strong",NA,NA
667,"Architecture that repairs itself?","A","For","Extremely strong",NA,NA
669,"The year I was homeless","C","For","Extremely strong",NA,NA
670,"Symmetry, reality's riddle","B","For","Very strong",NA,NA
680,"How the Internet enables intimacy","C","For","Very strong",NA,NA
681,"The refugees of boom-and-bust","A","For","Extremely strong",NA,NA
682,"The science behind a climate headline","B","For","Extremely strong",NA,NA
683,"Photographing the landscape of oil","A","For","Extremely strong",NA,NA
684,"The surprising spread of Idol TV","C","For","Extremely strong",NA,NA
685,"The thrilling potential of SixthSense technology","B","For","Extremely strong",NA,NA
691,"Science-inspired design","C","For","Extremely strong",NA,NA
692,"Learning from leadership's missing manual","C","For","Very strong",NA,NA
686,"East vs. West -- the myths that mystify","C","For","Extremely strong",NA,NA
694,"Learn to use the 13th-century astrolabe","B","Against","Very strong",NA,NA
695,"Asia's rise -- how and when","A","For","Extremely strong",NA,NA
696,"Transition to a world without oil","C","For","Very strong",NA,NA
698,"Turning dunes into architecture","A","For","Extremely strong",NA,NA
688,"Dance to change the world","C","For","Extremely strong",NA,NA
689,"Why nations should pursue soft power","C","For","Very strong",NA,NA
700,"Global ethic vs. national interest","C","For","Extremely strong",NA,NA
701,"The hunt for a supermassive black hole","B","For","Extremely strong",NA,NA
702,"The ancient ingenuity of water harvesting","A","For","Extremely strong",NA,NA
705,"The art of puzzles","B","For","Extremely strong",NA,NA
706,"A one-man world summit","E","Against","Strong",NA,NA
704,"The fight against sex slavery","C","For","Extremely strong",NA,NA
709,"How low-cost eye care can be world-class","C","For","Extremely strong",NA,NA
708,"The art of the interview","C","For","Extremely strong",NA,NA
710,"Pop culture in the Arab world","C","For","Very strong",NA,NA
712,"The intricate economics of terrorism","E","For","Extremely strong",NA,NA
714,"How to make a splash in social media","D","For","Very strong",NA,NA
713,"Photographing the hidden story","C","For","Extremely strong",NA,NA
715,"Dragonflies that fly across oceans","F","For","Extremely strong",NA,NA
716,"Metaphorically speaking","C","For","Very strong",NA,NA
717,"A new way to fight corruption","E","For","Extremely strong",NA,NA
718,"Fusion is energy's future","B","For","Extremely strong",NA,NA
719,"My message of peace from Pakistan","F","For","Extremely strong",NA,NA
723,"My solar-powered adventure","B","For","Extremely strong",NA,NA
724,"The neurons that shaped civilization","C","For","Extremely strong",NA,NA
726,"Exposing the invisible","B","For","Extremely strong",NA,NA
727,"How to live to be 100+","C","For","Extremely strong",NA,NA
728,"The real danger lurking in the water","A","For","Extremely strong",NA,NA
729,"An all-star set","G","For","Extremely strong",NA,NA
734,"How we rescued the ""dancing bears""","A","For","Extremely strong",NA,NA
735,"Kids, take charge","C","For","Extremely strong",NA,NA
736,"Making maps to fight disaster, build economies","A","For","Extremely strong",NA,NA
738,"All things are Moleeds","B","For","Extremely strong",NA,NA
741,"How I held my breath for 17 minutes","B","For","Extremely strong",NA,NA
743,"10 young Indian artists to watch","C","For","Very strong",NA,NA
744,"Growing new organs","B","For","Extremely strong",NA,NA
748,"Your health depends on where you live","A","For","Extremely strong",NA,NA
750,"Building a theater that remakes itself","C","For","Extremely strong",NA,NA
751,"Embrace your inner girl","C","For","Extremely strong",NA,NA
752,"A warm embrace that saves lives","A","For","Extremely strong",NA,NA
755,"Weird, or just different?","C","For","Strong",NA,NA
757,"Solving social problems with a nudge","C","For","Very strong",NA,NA
759,"The big idea my brother inspired","C","For","Extremely strong",NA,NA
760,"A lab the size of a postage stamp","B","For","Extremely strong",NA,NA
761,"A new strategy in the war on cancer","B","For","Extremely strong",NA,NA
762,"The painter and the pendulum","B","For","Extremely strong",NA,NA
763,"How to expose the corrupt","E","Against","Extremely strong",NA,NA
765,"Teach every child about food","C","For","Extremely strong",NA,NA
766,"Augmented-reality maps","B","For","Extremely strong",NA,NA
768,"The next age of government","C","For","Very strong",NA,NA
769,"The opportunity of adversity","C","For","Extremely strong",NA,NA
767,"Innovating to zero!","B","For","Extremely strong",NA,NA
770,"Technology's epic story","B","For","Extremely strong",NA,NA
771,"Four ways to fix a broken legal system","C","For","Extremely strong",NA,NA
772,"The wireless future of medicine","B","For","Extremely strong",NA,NA
773,"The world needs all kinds of minds","C","For","Extremely strong",NA,NA
776,"How brains learn to see","A","For","Extremely strong",NA,NA
777,"My 5 lives as an artist","C","For","Somewhat strong",NA,NA
779,"The riddle of experience vs. memory","C","For","Extremely strong",NA,NA
780,"The rise of cricket, the rise of India","F","For","Very strong",NA,NA
783,"Is Pivot a turning point for web exploration?","B","For","Extremely strong",NA,NA
785,"Before Avatar ... a curious boy","B","For","Very strong",NA,NA
786,"In the Internet age, dance evolves ...","D","For","Very strong",NA,NA
788,"The year open data went worldwide","B","For","Very strong",NA,NA
789,"Take Turns","A","For","Extremely strong",NA,NA
790,"How I fell in love with a fish","C","For","Very strong",NA,NA
792,"The magic of the placebo","B","For","Extremely strong",NA,NA
796,"Suspended animation is within our grasp","B","For","Extremely strong",NA,NA
797,"Take health care off the mainframe","C","For","Extremely strong",NA,NA
799,"Gaming can make a better world","C","For","Extremely strong",NA,NA
791,"Medical miracle on Everest","C","For","Extremely strong",NA,NA
800,"We are the stories we tell ourselves","C","For","Extremely strong",NA,NA
801,"Science can answer moral questions","C","For","Extremely strong",NA,NA
802,"The fight to end rare-animal trafficking in Brazil","A","For","Very strong",NA,NA
803,"Let's simplify legal jargon!","C","For","Extremely strong",NA,NA
804,"Why we need to go back to Mars","B","For","Extremely strong",NA,NA
807,"How to combat modern slavery","A","For","Extremely strong",NA,NA
809,"Teaching one child at a time","C","For","Extremely strong",NA,NA
815,"What adults can learn from kids","C","For","Extremely strong",NA,NA
814,"How to start a movement","C","For","Very strong",NA,NA
811,"And now, the real news","B","For","Very strong",NA,NA
818,"Sex, drugs and HIV -- let's get rational","C","For","Extremely strong",NA,NA
819,"The emotion behind invention","C","For","Extremely strong",NA,NA
820,"My seven species of robot -- and how we created them","B","For","Extremely strong",NA,NA
821,"Every pollen grain has a story","A","For","Extremely strong",NA,NA
823,"Singing old poems to life","C","For","Extremely strong",NA,NA
824,"The danger of science denial","B","For","Extremely strong",NA,NA
826,"Photos that changed the world","A","For","Extremely strong",NA,NA
828,"The tradeoffs of building green","B","For","Very strong",NA,NA
831,"How art gives shape to cultural change","C","For","Extremely strong",NA,NA
833,"Glowing life in an underwater world","A","For","Extremely strong",NA,NA
835,"Homeopathy, quackery and fraud","C","Against","Extremely strong",NA,NA
836,"Bio-lab on a microchip","C","For","Extremely strong",NA,NA
837,"Build a tower, build a team","C","For","Very strong",NA,NA
838,"Political change with pen and paper","E","For","Very strong",NA,NA
842,"Radical women, embracing tradition","C","For","Extremely strong",NA,NA
843,"Computing a theory of all knowledge","B","For","Extremely strong",NA,NA
845,"Toward a science of simplicity","C","For","Strong",NA,NA
844,"Why I'm rowing across the Pacific","A","For","Very strong",NA,NA
846,"Lies, damned lies and statistics (about TEDTalks)","D","Against","Very strong",NA,NA
847,"Social experiments to fight poverty","C","For","Extremely strong",NA,NA
848,"How great leaders inspire action","C","For","Extremely strong",NA,NA
850,"How we wrecked the ocean","A","Against","Extremely strong",NA,NA
851,"India's hidden hotbeds of invention","C","For","Extremely strong",NA,NA
849,"""Love Is a Loaded Pistol""","F","For","Extremely strong",NA,NA
852,"The hidden influence of social networks","C","For","Extremely strong",NA,NA
853,"Could this laser zap malaria?","B","For","Extremely strong",NA,NA
854,"Glimpses of a pristine ocean","A","For","Extremely strong",NA,NA
855,"Math class needs a makeover","C","For","Extremely strong",NA,NA
856,"It's time for ""The Talk""","D","Against","Extremely strong",NA,NA
859,"Can we eat to starve cancer?","C","For","Very strong",NA,NA
860,"Why I'm a weekday vegetarian","A","For","Very strong",NA,NA
861,"Pay attention to penguins","A","For","Extremely strong",NA,NA
862,"Planning for the end of oil","B","For","Extremely strong",NA,NA
863,"Watch me unveil ""synthetic life""","B","For","Extremely strong",NA,NA
865,"Bring on the learning revolution!","C","For","Extremely strong",NA,NA
866,"Lessons from fashion's free culture","C","For","Extremely strong",NA,NA
868,"Inside a school for suicide bombers","G","Against","Extremely strong",NA,NA
869,"HIV and flu -- the vaccine strategy","B","For","Extremely strong",NA,NA
871,"Re-examining the remix","C","For","Extremely strong",NA,NA
872,"Pointing to the future of UI","B","For","Very strong",NA,NA
873,"The ocean's glory -- and horror","A","For","Extremely strong",NA,NA
874,"The case for anonymity online","D","Against","Strong",NA,NA
876,"Why we need the explorers","B","For","Extremely strong",NA,NA
877,"How to engineer a viral music video","G","For","Strong",NA,NA
878,"The lost art of democratic debate","C","For","Very strong",NA,NA
879,"How poachers became caretakers","A","For","Extremely strong",NA,NA
880,"Sweat the small stuff","C","For","Extremely strong",NA,NA
881,"Debate: Does the world need nuclear energy?","B","For","Very strong",NA,NA
883,"How architecture helped music evolve","C","For","Somewhat strong",NA,NA
884,"The pattern behind self-deception","C","For","Extremely strong",NA,NA
885,"How YouTube thinks about copyright","B","For","Very strong",NA,NA
886,"The intriguing sound of marine mammals","A","For","Very strong",NA,NA
887,"Let's raise kids to be entrepreneurs","C","For","Extremely strong",NA,NA
888,"Fighting cancer with dance","C","For","Extremely strong",NA,NA
889,"Measuring what makes life worthwhile","C","For","Very strong",NA,NA
891,"Intricate beauty by design","C","For","Extremely strong",NA,NA
892,"Education innovation in the slums","C","For","Extremely strong",NA,NA
893,"A second opinion on developmental disorders","B","For","Extremely strong",NA,NA
894,"LEGO for grownups","B","For","Extremely strong",NA,NA
896,"How cognitive surplus will change the world","C","For","Extremely strong",NA,NA
898,"Retrofitting suburbia","A","For","Extremely strong",NA,NA
899,"Hidden toxins in the fish we eat","A","For","Very strong",NA,NA
900,"A 3D atlas of the universe","B","For","Very strong",NA,NA
901,"Don't build your home, grow it!","A","For","Extremely strong",NA,NA
909,"Fractals and the art of roughness","B","For","Extremely strong",NA,NA
910,"Obesity + hunger = 1 global food issue","C","For","Strong",NA,NA
911,"Life science in prison","C","For","Very strong",NA,NA
912,"Global population growth, box by box","A","For","Very strong",NA,NA
914,"The oil spill's unseen villains -- and victims","A","For","Extremely strong",NA,NA
915,"When ideas have sex","B","For","Extremely strong",NA,NA
916,"Listening to global voices","C","For","Extremely strong",NA,NA
917,"The politics of fiction","C","For","Extremely strong",NA,NA
918,"Why the world needs WikiLeaks","G","For","Extremely strong",NA,NA
919,"Superheroes inspired by Islam","C","For","Very strong",NA,NA
920,"How we found hundreds of potential Earth-like planets","B","For","Very strong",NA,NA
921,"A headset that reads your brainwaves","B","For","Extremely strong",NA,NA
922,"The bio-future of joint replacement","B","For","Extremely strong",NA,NA
924,"The art of choosing","C","Against","Very strong",NA,NA
926,"Wiring an interactive ocean","B","For","Extremely strong",NA,NA
927,"A monkey economy as irrational as ours","B","For","Extremely strong",NA,NA
928,"My mind-shifting Everest swim","A","For","Extremely strong",NA,NA
929,"How big brands can help save biodiversity","A","For","Extremely strong",NA,NA
930,"Our century's greatest injustice","C","For","Extremely strong",NA,NA
932,"Meet Milo, the virtual boy","B","For","Very strong",NA,NA
934,"The Axis of Evil Middle East Comedy Tour","C","For","Very strong",NA,NA
935,"Did you hear the one about the Iranian-American?","C","For","Strong",NA,NA
936,"The game layer on top of the world","B","For","Extremely strong",NA,NA
937,"The beauty of data visualization","C","For","Very strong",NA,NA
938,"Inside an Antarctic time machine","A","For","Extremely strong",NA,NA
939,"Learning from Sherman the shark","C","For","Extremely strong",NA,NA
940,"The political chemistry of oil","E","For","Very strong",NA,NA
941,"What physics taught me about marketing","B","For","Extremely strong",NA,NA
944,"The Happy Planet Index","C","For","Very strong",NA,NA
945,"Let the environment guide our development","A","For","Extremely strong",NA,NA
946,"The technology of the heart","C","For","Very strong",NA,NA
947,"Keep your goals to yourself","C","Against","Very strong",NA,NA
948,"The world's oldest living things","A","For","Extremely strong",NA,NA
949,"The child-driven education","C","For","Extremely strong",NA,NA
950,"Art of substance and absence","C","For","Very strong",NA,NA
951,"An independent diplomat","C","For","Extremely strong",NA,NA
952,"Why the live arts matter","C","For","Extremely strong",NA,NA
954,"Discovering ancient climates in oceans and ice","A","For","Extremely strong",NA,NA
955,"How web video powers global innovation","C","For","Extremely strong",NA,NA
957,"Our natural sleep cycle is nothing like what we do now","C","For","Very strong",NA,NA
958,"How social networks predict epidemics","B","For","Extremely strong",NA,NA
959,"Hurdy-gurdy for beginners","B","For","Extremely strong",NA,NA
960,"How pig parts make the world turn","A","For","Very strong",NA,NA
961,"Where good ideas come from","C","For","Extremely strong",NA,NA
962,"Mothers helping mothers fight HIV","C","For","Extremely strong",NA,NA
963,"Why I am an HIV/AIDS activist","A","For","Extremely strong",NA,NA
964,"The shape-shifting future of the mobile phone","B","For","Very strong",NA,NA
965,"Shh! Sound health in 8 steps","C","For","Extremely strong",NA,NA
966,"The quantified self","B","For","Extremely strong",NA,NA
967,"I am my connectome","B","For","Extremely strong",NA,NA
968,"Bringing peace to the minds of Afghanistan","C","For","Extremely strong",NA,NA
970,"How Mr. Condom made Thailand a better place for life and love","C","For","Extremely strong",NA,NA
971,"Are mushrooms the new plastic?","A","For","Extremely strong",NA,NA
972,"An economic reality check","C","For","Very strong",NA,NA
973,"Tagging tuna in the deep ocean","B","For","Extremely strong",NA,NA
974,"The good news of the decade? We're winning the war against child mortality","C","For","Extremely strong",NA,NA
975,"The best gift I ever survived","C","For","Extremely strong",NA,NA
976,"The roots of plant intelligence","C","For","Extremely strong",NA,NA
977,"What nonprofits can learn from Coca-Cola","C","For","Extremely strong",NA,NA
978,"When bad engineering makes a natural disaster even worse","A","For","Extremely strong",NA,NA
980,"The art of the eco-mindshift","A","For","Extremely strong",NA,NA
981,"My web playroom","C","For","Very strong",NA,NA
983,"Poverty, money -- and love","C","For","Extremely strong",NA,NA
984,"The brain in your gut","B","For","Extremely strong",NA,NA
986,"Tough truths about plastic pollution","A","For","Extremely strong",NA,NA
987,"The power of cartoons","C","For","Very strong",NA,NA
988,"""(Nothing But) Flowers"" with string quartet","A","For","Extremely strong",NA,NA
991,"Breakthrough designs for ultra-low-cost products","C","For","Very strong",NA,NA
992,"Global power shifts","B","For","Extremely strong",NA,NA
993,"Sustainable seafood? Let's get smart","A","For","Extremely strong",NA,NA
994,"Natural pest control ... using bugs!","A","For","Extremely strong",NA,NA
995,"Glorious visions in animation and performance","F","For","Extremely strong",NA,NA
996,"7 ways games reward the brain","B","For","Extremely strong",NA,NA
997,"E-voting without fraud","C","For","Extremely strong",NA,NA
1000,"Re-engineering the brain","B","For","Extremely strong",NA,NA
998,"Saving the ocean one island at a time","A","For","Extremely strong",NA,NA
1001,"A one-man orchestra of the imagination","C","For","Somewhat strong",NA,NA
1002,"Teaching design for change","C","For","Extremely strong",NA,NA
1003,"The path to ending ethnic conflicts","C","For","Very strong",NA,NA
1004,"America's native prisoners of war","A","For","Extremely strong",NA,NA
1005,"Making global labor fair","C","For","Extremely strong",NA,NA
1006,"Simplifying complexity","A","For","Very strong",NA,NA
1007,"Teaching kids real math with computers","C","For","Extremely strong",NA,NA
1008,"A Darwinian theory of beauty","C","For","Extremely strong",NA,NA
1009,"What a bike ride can teach you","C","For","Extremely strong",NA,NA
1010,"My green school dream","C","For","Extremely strong",NA,NA
1011,"Making law on the high seas","A","For","Very strong",NA,NA
1012,"Protecting the brain against concussion","B","For","Very strong",NA,NA
1013,"Women, wartime and the dream of peace","A","For","Extremely strong",NA,NA
1014,"Why work doesn't happen at work","C","For","Very strong",NA,NA
1015,"Creative houses from reclaimed stuff","C","For","Extremely strong",NA,NA
1016,"What's wrong with our food system","C","For","Extremely strong",NA,NA
1017,"The walk from ""no"" to ""yes""","G","For","Extremely strong",NA,NA
1018,"Why not eat insects?","A","For","Extremely strong",NA,NA
1019,"How I taught rats to sniff out land mines","C","For","Extremely strong",NA,NA
1020,"A vision for sustainable restaurants","A","For","Extremely strong",NA,NA
1030,"A feminine response to Iceland's financial crash","C","For","Extremely strong",NA,NA
1031,"A call to men","G","Against","Extremely strong",NA,NA
1032,"A police chief with a difference","C","For","Extremely strong",NA,NA
1033,"New data on the rise of women","C","For","Extremely strong",NA,NA
1034,"How to learn? From mistakes","C","For","Extremely strong",NA,NA
1036,"Let's talk parenting taboos","C","For","Very strong",NA,NA
1037,"The case for collaborative consumption","C","For","Very strong",NA,NA
1039,"Life lessons from big cats","A","For","Extremely strong",NA,NA
1040,"Why we have too few women leaders","C","For","Extremely strong",NA,NA
1041,"3 stories of local eco-entrepreneurship","C","For","Very strong",NA,NA
1042,"The power of vulnerability","C","For","Extremely strong",NA,NA
1043,"Using our practical wisdom","C","For","Extremely strong",NA,NA
1044,"How to succeed? Get more sleep","A","For","Extremely strong",NA,NA
1045,"On reading the Koran","A","For","Extremely strong",NA,NA
1046,"Your brain on improv","C","For","Very strong",NA,NA
1047,"A test that finds 3x more breast tumors, and why it's not available to you","B","For","Extremely strong",NA,NA
1048,"The 3 A's of awesome","C","For","Very strong",NA,NA
1049,"A realistic vision for world peace","C","For","Extremely strong",NA,NA
1050,"We are all cyborgs now","B","For","Very strong",NA,NA
1051,"How I built a toaster -- from scratch","B","For","Extremely strong",NA,NA
1052,"Take ""the Other"" to lunch","C","For","Extremely strong",NA,NA
1053,"Gaming to re-engage boys in learning","C","For","Extremely strong",NA,NA
1054,"Addicted to risk","A","Against","Extremely strong",NA,NA
1055,"Singing after a double lung transplant","C","For","Extremely strong",NA,NA
1056,"The economic injustice of plastic","A","For","Extremely strong",NA,NA
1057,"Visualizing the medical data explosion","B","For","Extremely strong",NA,NA
1058,"Silicon-based comedy","B","For","Very strong",NA,NA
1059,"Understanding the rise of China","E","For","Extremely strong",NA,NA
1060,"It's time to redesign medical data","C","For","Very strong",NA,NA
1061,"Drawing on humor for change","C","For","Very strong",NA,NA
1338,"Know thyself, with a brain scanner","C","For","Extremely strong",NA,NA
1062,"The council of dads","C","For","Extremely strong",NA,NA
1064,"Reviving New York's rivers -- with oysters!","A","For","Extremely strong",NA,NA
1065,"We are makers","C","For","Extremely strong",NA,NA
1066,"Social media and the end of gender","D","For","Very strong",NA,NA
1067,"Are we born to run?","F","For","Extremely strong",NA,NA
1068,"Poems of war, peace, women, power","A","Against","Extremely strong",NA,NA
1069,"How to make work-life balance work","C","For","Very strong",NA,NA
1070,"The rise of personal robots","B","For","Extremely strong",NA,NA
1071,"Mother and daughter doctor-heroes","C","For","Extremely strong",NA,NA
1072,"Using nature's genius in architecture","B","For","Extremely strong",NA,NA
1073,"A whistleblower you haven't heard","G","For","Extremely strong",NA,NA
1074,"Reconnecting with compassion","C","For","Extremely strong",NA,NA
1075,"The linguistic genius of babies","C","For","Extremely strong",NA,NA
1076,"Inspiring a life of immersion","C","For","Very strong",NA,NA
1077,"The future of business is the ""mesh""","C","For","Very strong",NA,NA
1078,"On being a woman and a diplomat","C","For","Extremely strong",NA,NA
1079,"How to use experts -- and when not to","C","Against","Extremely strong",NA,NA
1080,"Saving faces: A facial surgeon's craft","B","For","Very strong",NA,NA
1081,"Curating humanity's heritage","A","For","Extremely strong",NA,NA
1082,"Understanding cancer through proteomics","B","For","Extremely strong",NA,NA
1083,"A modern take on piano, violin, cello","G","For","Mild",NA,NA
1084,"A historic moment in the Arab world","C","For","Extremely strong",NA,NA
1085,"My wish: Use art to turn the world inside out","C","For","Extremely strong",NA,NA
1086,"Inside the Egyptian revolution","D","For","Extremely strong",NA,NA
1087,"How state budgets are breaking US schools","E","For","Very strong",NA,NA
1088,"Printing a human kidney","B","For","Very strong",NA,NA
1089,"This isn't her mother's feminism","C","For","Very strong",NA,NA
1090,"Let's use video to reinvent education","C","For","Very strong",NA,NA
1092,"The birth of a word","C","For","Extremely strong",NA,NA
1093,"How to keep rivers and streams flowing","A","For","Extremely strong",NA,NA
1094,"The social animal","C","For","Extremely strong",NA,NA
1095,"The sound the universe makes","B","For","Extremely strong",NA,NA
1096,"A life lesson from a volunteer firefighter","C","For","Very strong",NA,NA
1098,"Why light needs darkness","A","For","Very strong",NA,NA
1100,"If I should have a daughter ...","C","For","Extremely strong",NA,NA
1101,"The magic washing machine","B","For","Extremely strong",NA,NA
1102,"Evolution's gift of play, from bonobo apes to humans","C","For","Very strong",NA,NA
1103,"It's time to question bio-engineering","B","Against","Extremely strong",NA,NA
1104,"Human exoskeletons -- for war and healing","B","For","Extremely strong",NA,NA
1105,"Singing the primal mystery","C","For","Extremely strong",NA,NA
1106,"Don't insist on English!","C","Against","Very strong",NA,NA
1107,"Cracking Stuxnet, a 21st-century cyber weapon","B","For","Extremely strong",NA,NA
1108,"The genius puppetry behind War Horse","C","For","Very strong",NA,NA
1109,"Google's driverless car","B","For","Extremely strong",NA,NA
1110,"A virtual choir 2,000 voices strong","C","For","Extremely strong",NA,NA
1111,"Hands-on science with squishy circuits","C","For","Very strong",NA,NA
1112,"Listen, learn ... then lead","C","For","Very strong",NA,NA
1113,"Everyday compassion at Google","C","For","Very strong",NA,NA
1114,"The greatest TED Talk ever sold","D","Against","Very strong",NA,NA
1115,"The invention that unlocked a locked-in artist","C","For","Extremely strong",NA,NA
1116,"Looking past limits","C","For","Extremely strong",NA,NA
1117,"A song inspired by the ocean","A","Against","Extremely strong",NA,NA
1118,"The history of our world in 18 minutes","C","For","Very strong",NA,NA
1119,"The antidote to apathy","C","For","Extremely strong",NA,NA
1121,"Remaking my voice","B","For","Extremely strong",NA,NA
1122,"Open-sourced blueprints for civilization","B","For","Very strong",NA,NA
1124,"Transplant cells, not organs","B","For","Extremely strong",NA,NA
1125,"A radical experiment in empathy","C","For","Extremely strong",NA,NA
1126,"On being wrong","C","For","Extremely strong",NA,NA
1127,"Teaching with the World Peace Game","C","For","Extremely strong",NA,NA
1129,"What it takes to do extreme astrophysics","B","For","Extremely strong",NA,NA
1130,"3 things I learned while my plane crashed","C","For","Very strong",NA,NA
1131,"Are we ready for neo-evolution?","B","For","Extremely strong",NA,NA
1132,"The security mirage","C","For","Very strong",NA,NA
1133,"Using nature to grow batteries","B","For","Extremely strong",NA,NA
1134,"A next-generation digital book","B","For","Very strong",NA,NA
1135,"Turning trash into toys for learning","C","For","Extremely strong",NA,NA
1136,"The mothers who found forgiveness, friendship","C","For","Very strong",NA,NA
1091,"Beware online ""filter bubbles""","C","Against","Very strong",NA,NA
1137,"Architecture that senses and responds","B","For","Extremely strong",NA,NA
1138,"Grow your own clothes","B","For","Very strong",NA,NA
1139,"Distant time and the hint of a multiverse","B","For","Extremely strong",NA,NA
1140,"The hidden beauty of pollination","A","For","Extremely strong",NA,NA
1141,"Animal tales from icy wonderlands","A","For","Extremely strong",NA,NA
1142,"Silk, the ancient material of the future","B","For","Extremely strong",NA,NA
1143,"The hidden power of smiling","C","For","Extremely strong",NA,NA
1144,"Building a museum of museums on the web","C","For","Extremely strong",NA,NA
1145,"My friend Richard Feynman","B","For","Extremely strong",NA,NA
